No	Judul Tesis	Klasifikasi	Skor	Keywords	Klasifikasi_2	Skor_2	Keywords_2	Perlu_Review
1	PENGARUH TINGKAT ANTROPOMORFIK CHATBOT KONSELING TERHADAP PREFERENSI MAHASISWA: PERAN KARAKTERISTIK PSIKOLOGIS DAN GENDER	Sistem Informasi dan Keputusan	2	chatbot		0		False
37	PENGEMBANGAN MODEL PENERIMAAN APLIKASI PLN MOBILE OLEH PELANGGAN PT PLN (PERSERO) UNIT LAYANAN PELANGGAN KUPANG	Sistem Informasi dan Keputusan	4	penerimaan;aplikasi;mobile	Manajemen Industri	2	pelanggan;layanan	False
38	PENGARUH ELEMEN GAMIFIKASI TERHADAP USER EXPERIENCE DALAM MOBILE COMMERCE: PERAN MODERASI UTILITARIAN FEATURE DAN HEDONIC FEATURE SERTA PERAN MEDIASI PERCEIVED VALUE	Sistem Informasi dan Keputusan	2	mobile;user experience	Ergonomi dan Rekayasa Kerja	1	user experience	True
40	PENERIMAAN TEKNOLOGI ARTIFICIAL INTELLIGENCE (AI) DI PROSES REKRUTMEN DAN SELEKSI OLEH PELAMAR	Sistem Informasi dan Keputusan	5	artificial intelligence;penerimaan;AI		0		False
68	DAMPAK ARTIFICIAL INTELLIGENCE (AI) PADA KONTEN VISUAL PRODUK TERHADAP MENTAL IMAGERY, PRODUCT EVALUATION, POSITIVE EMOTION, DAN PURCHASE INTENTION KONSUMEN	Sistem Informasi dan Keputusan	3	artificial intelligence;AI	Sistem Manufaktur	1	produk	False
72	PENGEMBANGAN MODEL POST-ADOPTION BEHAVIORS PENGGUNAAN APLIKASI TELEMEDICINE DENGAN MEMPERTIMBANGKAN KUALITAS LAYANAN DAN TINGKAT KEPERCAYAAN PENGGUNA	Sistem Informasi dan Keputusan	3	telemedicine;aplikasi	Manajemen Industri	2	adoption;layanan	True
89	UTILIZING CONDITIONAL BOOTSTRAPPING AND DATA BALANCING WITH LSTM FOR PREDICTING CAR SALES THROUGH SENTIMENTAL REVIEW DATA	Sistem Informasi dan Keputusan	1	LSTM		0		False
95	PENGEMBANGAN MODEL PENERIMAAN TEKNOLOGI (TECHNOLOGY ACCEPTANCE MODEL) MARKETPLACE BAGI UKM DI PEKANBARU	Sistem Informasi dan Keputusan	6	marketplace;acceptance;penerimaan	Manajemen Industri	2	UKM	False
96	PENGEMBANGAN MODEL PENERIMAAN MASYARAKAT INDONESIA TERHADAP KENDARAAN LISTRIK	Sistem Informasi dan Keputusan	2	penerimaan		0		False
97	PENGEMBANGAN SCORECARD PENGUKURAN KINERJA FUNGSI SISTEM INFORMASI	Sistem Informasi dan Keputusan	2	sistem informasi	Manajemen Industri	1	kinerja	True
110	ANALISIS RESIKO PROYEK PENGEMBANGAN SOFTWARE BERBASIS TEKNOLOGI OPEN SOURCE	Sistem Informasi dan Keputusan	1	software		0		False
117	PENGEMBANGAN DECISION SUPPORT PADA PEMILIHAN ALTERNATIF INFRASTRUKTUR JALAN BEBAS HAMBATAN: STUDI KASUS PROYEK XYZ	Sistem Informasi dan Keputusan	2	decision support		0		False
119	PENGEMBANGAN MODEL PENGARUH KEMAMPUAN TEKNOLOGI INFORMASI TERHADAP KINERJA PENGEMBANGAN PRODUK DAN LAYANAN DIGITAL	Sistem Informasi dan Keputusan	3	teknologi informasi;digital	Manajemen Industri	2	kinerja;layanan	True
121	KLASIFIKASI EMPLOYABILITY LULUSAN BARU PERGURUAN TINGGI INDONESIA MENGGUNAKAN TEKNIK DATA MINING	Sistem Informasi dan Keputusan	2	data mining		0		False
125	PENGEMBANGAN MODEL PENERIMAAN TEKNOLOGI ARTIFICIAL INTELLIGENCE DALAM PROSES REKRUTMEN DAN SELEKSI OLEH RECRUITER	Sistem Informasi dan Keputusan	4	artificial intelligence;penerimaan		0		False
143	PENGEMBANGAN MODEL PENERIMAAN TELEMEDICINE DI INDONESIA DENGAN MEMPERTIMBANGKAN FAKTOR TRUST DAN USABILITY PADA PASIEN ISOLASI MANDIRI	Sistem Informasi dan Keputusan	5	penerimaan;telemedicine;usability	Ergonomi dan Rekayasa Kerja	1	usability	False
145	FAKTOR-FAKTOR PENDORONG INTENSI DAN EKSPEKTASI DALAM PENERIMAAN TEKNOLOGI PEMBANGKIT LISTRIK TENAGA SURYA (PLTS) ATAP DI INDONESIA	Sistem Informasi dan Keputusan	2	penerimaan		0		False
162	PENGEMBANGAN FRAMEWORK POST-PROJECT ERP	Sistem Informasi dan Keputusan	2	ERP		0		False
187	PENGEMBANGAN MODEL MOTIVASI UTILITARIAN DAN HEDONIK PADA E-COMMERCE DENGAN MEMPERTIMBANGKAN PERBEDAAN TIPE PERANGKAT PC/LAPTOP DAN PERANGKAT MOBILE	Sistem Informasi dan Keputusan	3	e-commerce;mobile	Manajemen Industri	2	motivasi	True
208	PENGEMBANGAN MODEL PENERIMAAN LEARNING MANAGEMENT SYSTEM (LMS) OLEH PESERTA PELATIHAN PADA SISTEM PEMBELAJARAN DARING DARI PERSPEKTIF LINTAS GENERASI	Sistem Informasi dan Keputusan	2	penerimaan	Manajemen Industri	1	management	True
214	PENGEMBANGAN MODEL CUSTOMER ENGAGEMENT PADA PENGGUNAAN APLIKASI MOBILE PAYMENT	Sistem Informasi dan Keputusan	3	aplikasi;mobile;payment	Manajemen Industri	1	customer	False
218	PERANCANGAN PROTOTIPE CHATBOT CUSTOMER RELATIONSHIP MANAGEMENT (CRM) BERDASARKAN SEGMENTASI PREFERENSI PENGGUNA	Sistem Informasi dan Keputusan	6	CRM;customer relationship management;chatbot	Manajemen Industri	2	management;customer	False
225	LOYALITAS PELANGGAN PENGGUNA APLIKASI MOBILE COMMERCE (M-COMMERCE) PADA GENERASI MILENIAL	Sistem Informasi dan Keputusan	2	aplikasi;mobile	Manajemen Industri	1	pelanggan	True
247	PENGEMBANGAN MODEL PENERIMAAN TEKNOLOGI PADA KONSUMEN MOBIL LISTRIK DI INDONESIA	Sistem Informasi dan Keputusan	2	penerimaan	Manajemen Industri	1	konsumen	True
250	EVALUASI KESIAPAN UNTUK MENGGUNAKAN SISTEM INFORMASI PUSKESMAS BERBASIS TECHNOLOGY ACCEPTANCE MODEL DENGAN MEMPERTIMBANGKAN FAKTOR RISIKO	Sistem Informasi dan Keputusan	4	sistem informasi;acceptance		0		False
294	MODEL PREDIKSI SISA USIA PENGGUNAAN DAN KLASIFIKASI MALFUNGSI BEARING MENGGUNAKAN SIMPLIFIED FUZZY ADAPTIVE RESONANCE THEORY MAP NEURAL NETWORK DAN DISCRETE WAVELET TRANSFORM	Sistem Informasi dan Keputusan	2	neural network	Manajemen Industri	1	prediksi	True
301	RANCANGAN MODEL DATA MINING PADA CUSTOMER RELATIONSHIP MANAGEMENT UNTUK SEGMENTASI DAN KLASIFIKASI PASIEN CHURN DI KLINIK OBSTETRI DAN GINEKOLOGI RUMAH SAKIT	Sistem Informasi dan Keputusan	4	customer relationship management;data mining	Manajemen Industri	2	management;customer	False
318	PENGEMBANGAN MODEL CONTINUOUS EXTENDED USE SISTEM ERP MELALUI PENDEKATAN BERBASIS VALUE	Sistem Informasi dan Keputusan	2	ERP		0		False
324	KEMAMPUAN BIG DATA ANALYTICS DAN DAMPAKNYA TERHADAP KINERJA PERUSAHAAN: PERAN MEDIASI SOCIAL CRM	Sistem Informasi dan Keputusan	5	CRM;big data;analytics	Manajemen Industri	1	kinerja	False
333	PENGEMBANGAN MODEL PENERIMAAN TEKNOLOGI LAYANAN PAYLATER	Sistem Informasi dan Keputusan	2	penerimaan	Manajemen Industri	1	layanan	True
338	MODEL PENERIMAAN TEKNOLOGI BANK DIGITAL DI INDONESIA	Sistem Informasi dan Keputusan	3	penerimaan;digital		0		False
345	PERANCANGAN MODEL PENGUKURAN TINGKAT KESIAPAN TEKNOLOGI DALAM MEMENUHI SISTEM MANAJEMEN KEHALALAN DAN KEAMANAN PANGAN TERINTEGRASI DI INDUSTRI BAKERY (Komponen Technoware, Humanware, Infoware, Orgaware)	Sistem Informasi dan Keputusan	2	keamanan	Sistem Manufaktur	1	industri	True
360	PENGEMBANGAN MODEL PENERIMAAN TEKNOLOGI ELECTRONIC MONEY DI KOTA BANDUNG	Sistem Informasi dan Keputusan	2	penerimaan		0		False
363	PENGEMBANGAN MODEL CONTINUANCE INTENTION PADA PENGGUNAAN APLIKASI M-COMMERCE DENGAN MEMPERTIMBANGKAN SISTEM USABILITY	Sistem Informasi dan Keputusan	2	aplikasi;usability	Ergonomi dan Rekayasa Kerja	1	usability	True
388	PENGEMBANGAN MODEL PENERIMAAN TEKNOLOGI UNTUK SITUS CROWDFUNDING BERBASIS SOSIAL KITABISA.COM DI INDONESIA DENGAN MODERASI DIMENSI BUDAYA HOFSTEDE	Sistem Informasi dan Keputusan	2	penerimaan		0		False
409	PENGEMBANGAN MODEL CUSTOMER LOYALTY PADA PENGGUNA APLIKASI MOBILE TRAVEL AGENT	Sistem Informasi dan Keputusan	2	aplikasi;mobile	Manajemen Industri	1	customer	True
438	PENGEMBANGAN MODEL USABILITY PADA SITUS E-COMMERCE DAN PENGARUHNYA TERHADAP USAGE CONTINUANCE PENGGUNA E-COMMERCE	Sistem Informasi dan Keputusan	3	e-commerce;usability	Ergonomi dan Rekayasa Kerja	1	usability	False
444	PENGEMBANGAN MODEL PENGUKURAN KESUKSESAN MOBILE COMMERCE MENGGUNAKAN TEXT MINING DAN MULTIGRUP SEM (STRUCTURAL EQUATION MODEL)	Sistem Informasi dan Keputusan	1	mobile		0		False
452	PENGEMBANGAN MODEL YANG MENJELASKAN CORPORATE GLOBAL MINDSET DAN KETERKAITANNYA DENGAN INTERNATIONALIZATION BEHAVIOR DAN PERFORMA DALAM PRAKTIK OFFSHORE IT OUTSOURCING	Sistem Informasi dan Keputusan	1	IT		0		False
466	PENGEMBANGAN MODEL ADOPSI SISTEM INFORMASI KLINIS OLEH DOKTER MENGGUNAKAN TECHNOLOGY ACCEPTANCE MODEL DENGAN MEMPERTIMBANGKAN FAKTOR MANUSIA, ORGANISASI DAN TEKNOLOGI	Sistem Informasi dan Keputusan	4	sistem informasi;acceptance	Ergonomi dan Rekayasa Kerja	2	faktor manusia	False
482	SEGMENTASI PENJUAL PADA E-MARKETPLACE DI INDONESIA	Sistem Informasi dan Keputusan	2	marketplace		0		False
493	DEVELOPING WEB APPLICATION BASED ON INTERNET OF THINGS (IOT) AND PERSUASIVE TECHNOLOGY TO INCREASE STUDENT AWARENESS OF ENERGY USAGE	Sistem Informasi dan Keputusan	5	IoT;internet of things;web		0		False
504	MODEL KEPUASAN DAN KONTINUITAS PENGGUNAAN WEBSITE E-GOVERNMENT DIREKTORAT JENDERAL	Sistem Informasi dan Keputusan	3	e-government;website		0		False
510	PEMODELAN NONLINIER GLOBAL UNTUK SISTEM DRUM-BOILER PADA PLTU SUBKRITIS MENGGUNAKAN ADAPTIVE NEURO-FUZZY INFERENCE SYSTEM (ANFIS)	Sistem Informasi dan Keputusan	1	inference		0		False
511	PENGEMBANGAN MODEL ADOPSI DAN PENGGUNAAN CLINICAL INFORMATION SYSTEM (CIS) OLEH DOKTER DI RUMAH SAKIT DENGAN MENGGUNAKAN THEORY OF PLANNED BEHAVIOR DAN VALUE ATTITUDE BEHAVIOR	Sistem Informasi dan Keputusan	2	information system	Manajemen Industri	1	adopsi	True
520	JOINT LOCATION OF FACILITIES AND MOBILE RESOURCE: AN APPLICATION TO THE SECTOR OF PUBLIC WORKS	Sistem Informasi dan Keputusan	1	mobile		0		False
522	&#65279;nci: acceptance sampling plan, double sampling plan by attributes, zero Poisson, industri makanan	Sistem Informasi dan Keputusan	2	acceptance	Sistem Manufaktur	1	industri	True
523	PENGGUNAAN ALGORITMA GENETIK DAN ARTIFICIAL NEURAL NETWORK UNTUK PERAMALAN HARGA SAHAM	Sistem Informasi dan Keputusan	2	neural network	Manajemen Industri	1	peramalan	True
532	PENGEMBANGAN MODEL POST-IMPLEMENTATION ERP: IT-BUSINESS PARTNERSHIP, ERP MAINTENANCE AND SUPPORT SERTA DAMPAKNYA PADA REALISASI MANFAAT PENGGUNAAN ERP	Sistem Informasi dan Keputusan	3	ERP;IT	Sistem Manufaktur	1	maintenance	False
534	PENGEMBANGAN INSTRUMEN EVALUASI KEBERGUNAAN (USABILITY) SITUS WEB PEMERINTAH (Studi Kasus: Situs Web Kementerian Pendidikan dan Kebudayaan)	Sistem Informasi dan Keputusan	2	web;usability	Sistem Industri dan Rantai Nilai	1	pemerintah	True
543	PENGEMBANGAN MODEL PENERIMAAN TEKNOLOGI INTERNET BANKING BERBASISKAN TECHNOLOGY ACCEPTANCE MODEL (TAM)	Sistem Informasi dan Keputusan	6	TAM;acceptance;penerimaan		0		False
547	ADOPSI E-COMMERCE PADA USAHA MIKRO, KECIL DAN MENENGAH DI INDONESIA	Sistem Informasi dan Keputusan	2	e-commerce	Manajemen Industri	1	adopsi	True
556	PENGEMBANGAN MODEL PENERIMAAN TEKNOLOGI LAYANAN LISTRIK PRA BAYAR	Sistem Informasi dan Keputusan	2	penerimaan	Manajemen Industri	1	layanan	True
557	PENENTUAN RUTE KENDARAAN HETEROGEN YANG MEMPERTIMBANGKAN PERUBAHAN WAKTU TEMPUH REAL TIME BERBASIS SISTEM INFORMASI GEOGRAFIS	Sistem Informasi dan Keputusan	2	sistem informasi	Manajemen Industri	1	perubahan	True
577	PENGEMBANGAN MODEL PENILAIAN USABILITAS UNTUK SITUS E-COMMERCE (Studi Kasus : Situs Air Asia dan Garuda Indonesia)	Sistem Informasi dan Keputusan	2	e-commerce		0		False
592	PENGEMBANGAN MODEL ADOPSI E-GOVERNMENT DI INDONESIA (STUDI KASUS : E-GOVERNMENT KEMENTERIAN PERINDUSTRIAN RI)	Sistem Informasi dan Keputusan	2	e-government	Manajemen Industri	1	adopsi	True
613	ADOPSI E-COMMERCE PADA USAHA MIKRO, KECIL DAN MENENGAH DI INDONESIA STUDI MENGENAI FAKTOR YANG MEMPENGARUHI ADOPSI E-COMMERCE DAN MANFAAT YANG DIDAPAT	Sistem Informasi dan Keputusan	2	e-commerce	Manajemen Industri	1	adopsi	True
642	PENGEMBANGAN MODEL PENERIMAAN MOBILE INTERNET PADA TELEPON SELULER BAGI PENGGUNA DEWASA MUDA	Sistem Informasi dan Keputusan	3	penerimaan;mobile		0		False
649	PENGEMBANGAN SISTEM INFORMASI HASIL PENGUKURAN TINGKAT KONSENTRASI	Sistem Informasi dan Keputusan	2	sistem informasi		0		False
713	PENGEMBANGAN MODEL PEMILIHAN ADOPSI TEKNOLOGI INFORMASI MENGGUNAKAN STRATEGIC ALIGNMENT MODEL DAN ANALYTIC NETWORK PROCESS (Studi kasus pemilihan ERP)	Sistem Informasi dan Keputusan	4	teknologi informasi;ERP	Sistem Industri dan Rantai Nilai	1	strategic	False
734	PENGEMBANGAN FRAMEWORK POST-PROJECT ERP (Studi Kasus pada Dua Perusahaan Besar di Indonesia)	Sistem Informasi dan Keputusan	2	ERP		0		False
744	PENGEMBANGAN SCORECARD PENGUKURAN KINERJA FUNGSI SISTEM INFORMASI	Sistem Informasi dan Keputusan	2	sistem informasi	Manajemen Industri	1	kinerja	True
745	IDENTIFIKASI PENGARUH KARAKTERISTIK RELATIVE ADVANTAGE, COMPATIBILTY, DAN COMPLEXITY TERHADAP BEHAVIOR CHANGE DALAM RUANG LINGKUP IMPLEMENTASI SISTEM ENTERPRISE RESOURCE PLANNING (ERP) (STUDI KASUS: PT. MITSUBISHI CHEMICAL INDONESIA)	Sistem Informasi dan Keputusan	4	ERP;enterprise resource planning		0		False
761	MODEL PENERIMAAN SISTEM ERP (SYSTEM ACCEPTANCE) PADA FASE POST PROJECT (STUDI KASUS PADA SALAH SATU PERUSAHAAN TELEKOMUNIKASI)	Sistem Informasi dan Keputusan	6	ERP;acceptance;penerimaan		0		False
777	MODEL PENERIMAAN USER DALAM IMPLEMENTASI SISTEM ERP DENGAN MEMODIFIKASI MODEL TECHNOLOGY ACCEPTANCE MODEL SERTA MEMASUKKAN KARAKTERISTIK INDIVIDU USER DAN ORGANISASI	Sistem Informasi dan Keputusan	6	ERP;acceptance;penerimaan	Manajemen Industri	1	organisasi	False
784	PENGEMBANGAN PENDUKUNG SISTEM INFORMASI DI EMBARKASI HAJI SUKOLILO SURABAYA UNTUK MENINGKATKAN KETERPADUAN SISKOHAT	Sistem Informasi dan Keputusan	2	sistem informasi		0		False
790	PERANCANGAN KERANGKA DASAR SISTEM INFORMASI CUSTOMER RELATIONSHIP MANAGEMENT (CRM) DENGAN FOKUS UTAMA PADA CUSTOMER RETENTION PROGRAM DI PT KERETA API (PERSERO)	Sistem Informasi dan Keputusan	6	sistem informasi;CRM;customer relationship management	Manajemen Industri	2	management;customer	False
791	PERANCANGAN KERANGKA DASAR SISTEM INFORMASI CUSTOMER RELATIONSHIP MANAGEMENT (CRM) DENGAN FOKUS UTAMA PADA CUSTOMER RETENTION PROGRAM DI PT KERETA API (PERSERO)	Sistem Informasi dan Keputusan	6	sistem informasi;CRM;customer relationship management	Manajemen Industri	2	management;customer	False
793	MODEL PENERIMAAN TEKNOLOGI (TECHNOLOGY ACCEPTANCE MODEL) LAYANAN SMS BANKING (Studi Kasus : Adopsi Teknologi SMS Banking Mahasiswa ITB)	Sistem Informasi dan Keputusan	4	acceptance;penerimaan	Manajemen Industri	2	adopsi;layanan	False
801	ANALISIS PENGARUH IT GOVERNANCE TERHADAP EFEKTIVITAS OPERASI RUTIN & ENHANCEMENT PADA FASE POST IMPLEMENTASI ERP (STUDI KASUS: PT GARUDA MAINTANANCE FACILITY AEROASIA)	Sistem Informasi dan Keputusan	3	ERP;IT		0		False
802	PENGARUH INDIVIDUAL DAN ORGANISASIONAL TERHADAP DORONGAN UNTUK MENGGUNAKAN SISTEM ERP	Sistem Informasi dan Keputusan	2	ERP		0		False
827	HASIL GUNA UNIT PENERIMAAN PADA RUMAH SAKIT PEMERINTAH DAN SWASTA SUATU STUDI PERBANDINGAN	Sistem Informasi dan Keputusan	2	penerimaan	Sistem Industri dan Rantai Nilai	1	pemerintah	True
835	PENGEMBANGAN MODEL PENGUKURAN SUKSES ERP DAN HUBUNGAN KAUSALITAS ANTAR DIMENSINYA (STUDI KASUS: PT TELKOM)	Sistem Informasi dan Keputusan	2	ERP		0		False
836	PENGEMBANGAN MODEL PENGUKURAN SUKSES ERP DAN HUBUNGAN KAUSALITAS ANTAR DIMENSINYA (STUDI KASUS : PT TELKOM)	Sistem Informasi dan Keputusan	2	ERP		0		False
843	PENGEMBANGAN MODEL DAN METODE PENGUKURAN BEBAN MENTAL PADA INTERAKSI MANUSIA-KOMPUTER	Sistem Informasi dan Keputusan	1	komputer		0		False
846	KONSEP PERANCANGAN SISTEM PENDUKUNG KEPUTUSAN GUNA PENILAIAN DAN PENGENDALIAN PERFORMANSI DIVISIONAL PADA PT. INTI (PERSERO) STUDI KASUS PADA SBU TRANSMISI	Sistem Informasi dan Keputusan	2	sistem pendukung keputusan		0		False
850	KUALITAS ASET SISTEM INFORMASI DAN DAMPAKNYA TERHADAP MANFAAT INDIVIDU PENGGUNA	Sistem Informasi dan Keputusan	2	sistem informasi		0		False
862	PENGEMBANGAN MODEL PENERIMAAN PESANAN DALAM RANCANGAN SISTEM PENGELOLAAN PESANAN	Sistem Informasi dan Keputusan	2	penerimaan		0		False
881	PERANCANGAN SISTEM PENDUKUNG KEPUTUSAN PEMILIHAN ALTERNATIF TEKNOLOGI PENGEMBANGAN JARINGAN INFRASTRUKTUR TELEKOMUNIKASI	Sistem Informasi dan Keputusan	2	sistem pendukung keputusan		0		False
891	SISTEM PENDUKUNG KEPUTUSAN UNTUK PENENTUAN TARIF INTERKONEKSI ANTAR JARINGAN SELULER DAN PSTN	Sistem Informasi dan Keputusan	2	sistem pendukung keputusan		0		False
910	PENGGUNAAN PROSES HIRARKI ANALITIK (PHA) DALAM PEMBOBOTAN PROYEK APBD TINGKAT I JAWA BARAT TAHUN ANGGARAN 1996/1997 STUDI KASUS : SEKTOR KESEHATAN, KESEJAHTERAAN SOSIAL, PERANAN WANITA, ANAK DAN REMAJA	Sistem Informasi dan Keputusan	1	analitik		0		False
916	PENGEMBANGAN SISTEM INFORMASI AKUNTANSI TERPADU DENGAN CONTOH KASUS KOKESMA ITB	Sistem Informasi dan Keputusan	2	sistem informasi		0		False
919	PENGGUNAAN KOMPONEN CHAOS DAN ARTIFICIAL NEURAL NETWORK UNTUK PERAMALAN HARGA SAHAM	Sistem Informasi dan Keputusan	2	neural network	Manajemen Industri	1	peramalan	True
939	MERANCANG ARSITEKTUR SISTEM INFORMASI PENGENDALIAN BIAYA PRODUKS1 STDI DI PT. INTI - BANDUNG	Sistem Informasi dan Keputusan	2	sistem informasi	Manajemen Industri	1	biaya	True
943	APLIKASI TEORI PELACAKAN ISYARAT UNTUK MENENTUKAN PARAMETER TUGAS INSPEKSI VISUAL DINAMIK MELALUI SIMULASI KOMPUTER	Sistem Informasi dan Keputusan	2	aplikasi;komputer	Sistem Manufaktur	1	simulasi	True
961	ANALISA HUBUNGAN KAUSAL PEMBAJAKAN SOFTWARE DI DUNIA	Sistem Informasi dan Keputusan	1	software		0		False
997	PENGEMBANGAN SISTEM PENDUKUNG KEPUTUSAN UNTUK PENENTUAN JALUR TRANSPORTASI LIMBAH MINYAK PADA AKTIVITAS PELAYARAN LAUT	Sistem Informasi dan Keputusan	2	sistem pendukung keputusan		0		False
1021	PERANCANGAN SISTEM PENDUKUNG KEPUTUSAN DI LEMBAGA BAITUL MAAL YAYASAN PEMBINA MASJID SALMAN INSTITUT TEKNOLOGI BANDUNG	Sistem Informasi dan Keputusan	2	sistem pendukung keputusan		0		False
1080	PENGEMBANGAN SISTEM INFORMASI PERENCANAAN DAN PENGENDALIAN PRODUKSI	Sistem Informasi dan Keputusan	2	sistem informasi	Sistem Manufaktur	1	produksi	True
